{
  "Total" : {
    "transaction" : "Total",
    "sampleCount" : 285140,
    "errorCount" : 0,
    "errorPct" : 0.0,
    "meanResTime" : 410.50855018588305,
    "minResTime" : 5.0,
    "maxResTime" : 1449.0,
    "pct1ResTime" : 475.0,
    "pct2ResTime" : 487.0,
    "pct3ResTime" : 531.0,
    "throughput" : 475.2420461041786,
    "receivedKBytesPerSec" : 1540.3597177927427,
    "sentKBytesPerSec" : 53.37190947459037
  },
  "Requisição HTTP" : {
    "transaction" : "Requisição HTTP",
    "sampleCount" : 285140,
    "errorCount" : 0,
    "errorPct" : 0.0,
    "meanResTime" : 410.50855018588305,
    "minResTime" : 5.0,
    "maxResTime" : 1449.0,
    "pct1ResTime" : 475.0,
    "pct2ResTime" : 487.0,
    "pct3ResTime" : 531.0,
    "throughput" : 475.2420461041786,
    "receivedKBytesPerSec" : 1540.3597177927427,
    "sentKBytesPerSec" : 53.37190947459037
  }
}