{
  "Total" : {
    "transaction" : "Total",
    "sampleCount" : 278379,
    "errorCount" : 0,
    "errorPct" : 0.0,
    "meanResTime" : 525.7439282417103,
    "minResTime" : 7.0,
    "maxResTime" : 7738.0,
    "pct1ResTime" : 602.0,
    "pct2ResTime" : 610.0,
    "pct3ResTime" : 654.0,
    "throughput" : 463.80576002239235,
    "receivedKBytesPerSec" : 1503.2923022600783,
    "sentKBytesPerSec" : 52.08756094001476
  },
  "Requisição HTTP" : {
    "transaction" : "Requisição HTTP",
    "sampleCount" : 278379,
    "errorCount" : 0,
    "errorPct" : 0.0,
    "meanResTime" : 525.7439282417103,
    "minResTime" : 7.0,
    "maxResTime" : 7738.0,
    "pct1ResTime" : 602.0,
    "pct2ResTime" : 610.0,
    "pct3ResTime" : 654.0,
    "throughput" : 463.80576002239235,
    "receivedKBytesPerSec" : 1503.2923022600783,
    "sentKBytesPerSec" : 52.08756094001476
  }
}